School,G,W,FG%,SRS,SOS,Tm.,Opp.,MP,FG,FGA,3P,3PA,3P%,FT,FTA,FT%,ORB,TRB,AST,STL,BLK,TOV,PF,,,,,
Gonzaga NCAA,37,33,0.526,27.79,5.01,3243,2400,1480,1177,2239,287,790,0.363,602,791,0.761,354,1443,668,278,204,394,603,,,,,
Dayton,33,21,0.504,9.67,2.91,2406,2183,1335,902,1789,205,617,0.332,397,575,0.69,261,1145,541,164,81,414,463,,,,,
South Dakota State,33,24,0.501,5.92,-4.74,2789,2425,1320,984,1965,327,802,0.408,494,635,0.778,251,1259,489,202,65,388,557,,,,,
Georgia Southern,33,21,0.499,3.75,0.13,2726,2489,1330,1012,2028,204,632,0.323,498,720,0.692,320,1190,403,255,132,451,590,,Correlation between Wins and FG % for entire dataset,,,
Belmont NCAA,33,27,0.498,9.12,-2.6,2868,2439,1330,1042,2094,343,922,0.372,441,598,0.737,286,1275,645,220,125,376,509,,,,W,FG%
Tennessee NCAA,37,31,0.496,21.55,10.16,3035,2580,1505,1106,2231,262,714,0.367,561,744,0.754,379,1391,660,221,199,412,654,,,W,1,
Yale NCAA,30,22,0.493,5.52,-1.24,2427,2202,1215,893,1812,230,634,0.363,411,557,0.738,259,1157,503,177,131,392,510,,,FG%,0.581756922,1
Loyola (IL),34,20,0.493,3.99,-0.16,2231,2066,1360,831,1687,206,563,0.366,363,545,0.666,190,1013,468,220,78,407,471,,,,,
Murray State NCAA,33,28,0.492,8.96,-3.11,2727,2255,1320,988,2007,258,731,0.353,493,673,0.733,351,1247,591,249,149,401,527,,,,,
Montana NCAA,35,26,0.492,1.5,-5.05,2665,2397,1405,975,1983,287,763,0.376,428,621,0.689,293,1176,510,229,106,416,655,,Correlation between Wins and FG % for teams with > 25 wins,,,
Wofford NCAA,35,30,0.49,13.92,0.8,2879,2295,1410,1044,2132,385,929,0.414,406,577,0.704,365,1232,528,233,105,377,589,,,,W,FG%
Liberty NCAA,36,29,0.487,5.27,-3.88,2654,2209,1440,963,1977,322,873,0.369,406,524,0.775,270,1174,532,223,96,395,543,,,W,1,
Gardner-Webb NCAA,35,23,0.487,-2.61,-4.43,2718,2468,1430,955,1962,281,719,0.391,527,741,0.711,271,1190,502,238,101,407,561,,,FG%,0.245209416,1
Hofstra,35,27,0.486,4.68,-4.53,2919,2553,1440,998,2055,308,800,0.385,615,767,0.802,305,1170,492,228,122,342,526,,,,,
East Tennessee State,34,24,0.486,5.21,-1.79,2707,2371,1375,1004,2067,274,758,0.361,425,634,0.67,442,1351,534,252,135,483,603,,,,,
Little Rock,31,10,0.484,-4.87,-2.07,2301,2353,1250,817,1687,206,582,0.354,461,703,0.656,244,1060,443,169,87,503,622,,Correlation between Wins and FG % for teams with < 26 wins ,,,
College of Charleston,33,24,0.483,2.36,-2.95,2453,2265,1330,878,1818,227,667,0.34,470,615,0.764,260,1060,387,216,76,347,486,,,,W,FG
Utah Valley,35,25,0.482,3,-2.3,2697,2474,1400,930,1929,283,740,0.382,554,764,0.725,318,1271,484,201,89,487,612,,,W,1,
Lehigh,31,20,0.482,-2.34,-4.46,2479,2413,1250,856,1775,287,679,0.423,480,620,0.774,232,1105,471,171,71,418,571,,,FG%,0.522203467,1
Purdue-Fort Wayne,33,18,0.481,-3.47,-3.6,2728,2556,1330,991,2059,360,949,0.379,386,557,0.693,271,1140,525,247,158,395,495,,,,,
Michigan State NCAA,39,32,0.48,24.93,12.34,3025,2534,1570,1071,2230,319,844,0.378,564,749,0.753,414,1579,715,201,205,493,647,,,,,
Lipscomb,37,29,0.48,9.21,-1.2,3076,2597,1480,1071,2230,327,876,0.373,607,801,0.758,329,1378,654,268,108,489,633,,Correlation between Wins and FG % for teams with > .45 FG%,,,
Boston University,33,15,0.48,-6.61,-5.39,2385,2387,1325,922,1922,221,639,0.346,320,468,0.684,311,1091,447,199,73,425,578,,,,W,FG%
Colgate NCAA,35,24,0.479,1.23,-3.83,2648,2458,1415,955,1995,320,815,0.393,418,563,0.742,322,1240,541,213,121,456,547,,,W,1,
Creighton,35,20,0.479,12,8.59,2727,2561,1420,980,2044,372,961,0.387,395,582,0.679,288,1196,561,237,92,464,580,,,FG%,0.361992095,1
Duke NCAA,38,32,0.478,26.9,11.98,3143,2576,1525,1157,2418,278,903,0.308,551,803,0.686,495,1567,606,346,257,488,595,,,,,
Northern Kentucky NCAA,35,26,0.478,4.67,-2.39,2747,2410,1410,979,2047,306,844,0.363,483,725,0.666,364,1298,592,218,139,441,664,,,,,
Kentucky NCAA,37,30,0.477,21.43,10.29,2806,2394,1490,978,2050,215,607,0.354,635,859,0.739,427,1428,501,220,176,466,600,,Correlation between Wins and FG % for teams with < .45 FG%,,,
Iowa State NCAA,35,23,0.476,18.07,9.3,2692,2385,1400,974,2047,294,811,0.363,450,615,0.732,327,1230,527,247,160,379,517,,,,W,FG%
Northeastern NCAA,34,23,0.476,3.95,-0.7,2564,2406,1385,880,1848,328,858,0.382,476,634,0.751,237,1075,480,211,74,381,539,,,W,1,
Weber State,33,18,0.476,-4.37,-6.12,2617,2454,1330,920,1934,249,684,0.364,528,708,0.746,220,1177,383,179,140,382,609,,,FG%,0.474107228,1
Colorado State,32,12,0.476,-0.11,1.41,2393,2406,1285,866,1818,259,722,0.359,402,579,0.694,256,1080,472,199,76,372,522,,,,,
Fairleigh Dickinson NCAA,35,21,0.475,-6.09,-7.24,2620,2515,1420,921,1939,269,672,0.4,509,702,0.725,323,1155,486,261,132,477,578,,"Results: Stronger correlation between wins and FG % below 45%, stronger correlation between FG% and wins under 26. Hypothesis is true since positive correlation, but results show strongest relationship on FG% and teams under 26 wins. ",,,
Omaha,32,21,0.475,-2.32,-3.39,2523,2454,1290,950,1998,282,719,0.392,341,473,0.721,273,1047,409,180,61,304,486,,,,,
Virginia NCAA,38,35,0.474,25.46,10.15,2714,2132,1535,974,2056,321,813,0.395,445,598,0.744,342,1326,544,211,149,342,542,,FG%,,,
Furman,33,25,0.474,7.46,-1.5,2562,2182,1340,930,1962,338,935,0.361,364,508,0.717,326,1171,524,288,137,407,481,,,,,
American,30,15,0.474,-4.19,-7.23,2161,2070,1220,780,1645,190,584,0.325,411,589,0.698,251,1014,402,221,131,386,520,,Mean,0.442997167,,
William & Mary,31,14,0.474,-4.78,-2.08,2321,2385,1265,841,1773,254,735,0.346,385,576,0.668,251,1057,529,158,146,390,516,,Standard Error,0.001299116,,
Mississippi State NCAA,34,23,0.472,15.96,9.07,2628,2394,1370,936,1982,292,774,0.377,464,647,0.717,393,1215,481,274,172,451,586,,Median,0.443,,
Austin Peay,33,22,0.472,0.59,-4.41,2712,2413,1335,973,2060,268,702,0.382,498,705,0.706,397,1215,454,252,110,392,596,,Mode,0.454,,
Saint Mary's (CA) NCAA,34,22,0.472,12.58,4.4,2463,2185,1365,899,1905,253,670,0.378,412,555,0.742,329,1180,341,201,87,355,572,,Standard Deviation,0.024408165,,
Samford,33,17,0.472,0.69,-2.03,2583,2487,1355,921,1951,254,687,0.37,487,666,0.731,316,1225,461,238,127,463,560,,Sample Variance,0.000595759,,
Massachusetts-Lowell,32,15,0.472,-8.28,-6.95,2456,2420,1290,875,1852,246,721,0.341,460,639,0.72,293,1115,500,181,85,447,589,,Kurtosis,0.446701079,,
Richmond,33,13,0.472,-1.37,-0.79,2314,2333,1320,849,1800,251,723,0.347,365,552,0.661,196,957,519,249,101,336,488,,Skewness,-0.091019371,,
Utah State NCAA,35,28,0.471,11.98,0.89,2753,2349,1410,959,2038,274,772,0.355,559,747,0.748,377,1405,598,215,147,449,649,,Range,0.172,,
DePaul,36,19,0.471,6,4.05,2821,2751,1450,1009,2143,241,703,0.343,562,773,0.727,396,1347,513,227,117,488,630,,Minimum,0.354,,
Northern Illinois,34,17,0.471,2.58,1.11,2506,2413,1375,940,1995,229,642,0.357,397,543,0.731,304,1179,374,188,75,404,653,,Maximum,0.526,,
Virginia Tech NCAA,35,26,0.47,19.28,7.79,2574,2172,1410,893,1900,327,831,0.394,461,606,0.761,310,1142,531,236,78,392,532,,Sum,156.378,,
Ball State,33,16,0.47,3.39,1.21,2478,2362,1340,889,1892,202,621,0.325,498,709,0.702,308,1243,426,217,118,480,579,,Count,353,,
Texas Tech NCAA,38,31,0.469,22.79,9.53,2765,2261,1530,990,2110,277,759,0.365,508,694,0.732,315,1297,518,278,186,457,663,,,,,
Abilene Christian NCAA,34,27,0.469,-1.91,-7.34,2502,2161,1370,897,1911,251,660,0.38,457,642,0.712,325,1110,525,297,93,407,635,,,,,
Boise State,33,13,0.469,3.61,1.08,2364,2263,1330,845,1801,252,715,0.352,422,584,0.723,242,1016,398,200,68,379,570,,,,,
Brigham Young,32,19,0.468,6.15,3.31,2527,2436,1295,878,1878,226,684,0.33,545,750,0.727,263,1118,482,203,107,354,625,,,,,
Drake,34,24,0.467,2.52,-0.66,2563,2387,1385,908,1943,279,773,0.361,468,618,0.757,279,1214,518,180,130,449,568,,,,,
San Francisco,31,21,0.467,8.56,1.13,2358,2101,1250,864,1851,258,727,0.355,372,568,0.655,340,1138,439,188,105,321,543,,,,,
Southern Mississippi,33,20,0.466,2.58,-0.83,2392,2160,1330,899,1929,275,712,0.386,321,489,0.656,274,1178,553,253,110,345,507,,,,,
Xavier,35,19,0.466,9.61,8.06,2526,2472,1420,922,1977,245,740,0.331,437,644,0.679,371,1281,519,190,128,450,550,,,,,
Southern Illinois,32,17,0.466,1.39,-0.17,2194,2144,1280,802,1720,213,570,0.374,377,550,0.685,289,1081,438,212,129,447,474,,,,,
Incarnate Word,31,6,0.466,-18.93,-5.11,2044,2355,1255,711,1527,174,508,0.343,448,553,0.81,204,845,354,184,53,504,592,,,,,
Kansas NCAA,36,26,0.465,18.35,12.79,2725,2525,1455,989,2128,260,743,0.35,487,691,0.705,374,1376,478,243,139,472,610,,,,,
Central Florida NCAA,33,24,0.465,13.37,5.58,2385,2128,1325,819,1763,229,628,0.365,518,798,0.649,315,1215,439,189,150,393,554,,,,,
Oakland,33,16,0.465,-2.27,-1.48,2534,2515,1325,864,1859,314,816,0.385,492,663,0.742,275,1063,580,191,99,426,534,,,,,
North Carolina NCAA,36,29,0.464,23.94,11.35,3089,2636,1445,1118,2410,312,862,0.362,541,728,0.743,477,1589,678,252,120,473,611,,,,,
Utah,31,17,0.464,6.13,5.1,2343,2311,1245,805,1735,298,806,0.37,435,616,0.706,317,1096,440,144,80,409,548,,,,,
North Dakota,30,12,0.464,-8.78,-3.55,2220,2196,1200,822,1771,241,647,0.372,335,482,0.695,233,1009,398,171,87,380,485,,,,,
Oregon State,31,18,0.463,7.84,4.29,2275,2165,1250,800,1728,203,633,0.321,472,636,0.742,310,1091,465,185,164,384,536,,,,,
Buffalo NCAA,36,32,0.462,15.56,2.62,3037,2550,1445,1083,2344,344,1022,0.337,527,767,0.687,452,1470,599,263,140,433,659,,,,,
Nevada NCAA,34,29,0.462,16,2.68,2723,2270,1360,924,1999,297,855,0.347,578,816,0.708,325,1274,498,211,134,352,584,,,,,
Jacksonville State,33,24,0.462,1.59,-5.47,2574,2283,1345,953,2063,200,634,0.315,468,630,0.743,400,1310,451,245,138,440,553,,,,,
Northern Colorado,32,21,0.462,-3.92,-6.76,2450,2229,1295,849,1837,307,849,0.362,445,633,0.703,309,1128,422,176,101,398,538,,,,,
Holy Cross,33,16,0.462,-6.43,-4.01,2216,2296,1335,848,1834,237,670,0.354,283,424,0.667,220,916,513,241,127,350,482,,,,,
Radford,33,22,0.461,1.28,-1.95,2440,2247,1330,893,1938,285,751,0.379,369,515,0.717,335,1170,467,196,101,358,528,,,,,
New Mexico State NCAA,35,30,0.46,10.05,-2.38,2734,2259,1405,962,2092,326,977,0.334,484,714,0.678,445,1343,514,197,91,419,632,,,,,
Mississippi NCAA,33,20,0.46,12.32,8.13,2485,2347,1325,876,1906,272,760,0.358,461,589,0.783,322,1128,475,235,118,416,603,,,,,
Harvard,31,19,0.46,1.86,0.66,2222,2174,1265,787,1711,260,722,0.36,388,538,0.721,288,1119,369,174,123,491,554,,,,,
South Alabama,34,17,0.46,-4.46,-2.71,2478,2465,1375,867,1883,285,761,0.375,459,669,0.686,288,1094,471,201,141,456,649,,,,,
Southern California,33,16,0.46,8.23,4.96,2518,2410,1340,937,2039,281,735,0.382,363,563,0.645,324,1188,536,202,117,392,590,,,,,
Sacred Heart,32,15,0.46,-7.88,-8.11,2558,2509,1285,885,1926,243,681,0.357,545,722,0.755,354,1231,471,170,133,465,572,,,,,
Cal State Northridge,34,13,0.46,-6.54,-3.39,2601,2701,1375,968,2103,234,648,0.361,431,676,0.638,352,1214,512,225,154,410,641,,,,,
Drexel,32,13,0.46,-7.02,-2.93,2425,2475,1280,874,1900,237,669,0.354,440,584,0.753,312,1126,464,144,62,377,542,,,,,
Georgia State NCAA,34,24,0.459,2.44,0.65,2598,2491,1360,903,1968,330,859,0.384,462,694,0.666,273,1110,415,269,158,391,583,,,,,
North Carolina A&T,32,19,0.459,-11.24,-9.88,2241,2209,1290,825,1797,227,649,0.35,364,548,0.664,291,1059,452,215,108,417,514,,,,,
Delaware,33,17,0.459,-7.91,-4.82,2352,2380,1360,830,1808,282,746,0.378,410,564,0.727,254,1083,425,149,78,378,523,,,,,
Illinois-Chicago,32,16,0.459,-3.15,-1.99,2391,2385,1295,865,1883,303,856,0.354,358,525,0.682,271,1106,478,210,124,457,684,,,,,
Loyola (MD),32,11,0.459,-9.13,-4.6,2332,2477,1295,842,1836,210,616,0.341,438,617,0.71,292,997,448,278,73,444,573,,,,,
Vermont NCAA,34,27,0.458,4.88,-4.18,2508,2143,1370,864,1887,273,761,0.359,507,678,0.748,304,1194,399,188,136,377,568,,,,,
North Carolina State,36,24,0.458,14.94,6.22,2882,2568,1450,1061,2319,292,830,0.352,468,661,0.708,486,1390,539,257,138,449,691,,,,,
Green Bay,38,21,0.458,-2.24,-0.36,3090,3036,1535,1106,2413,303,879,0.345,575,818,0.703,376,1406,578,291,154,500,730,,,,,
UC-Irvine NCAA,37,31,0.457,5.7,-2.3,2675,2353,1500,987,2159,252,701,0.359,449,640,0.702,429,1471,479,210,153,441,673,,,,,
North Carolina-Greensboro,36,29,0.457,4.08,-0.9,2738,2443,1445,997,2184,280,818,0.342,464,666,0.697,399,1251,453,315,140,423,631,,,,,
Louisiana State NCAA,35,28,0.457,16.5,9.16,2815,2558,1435,988,2162,236,740,0.319,603,802,0.752,460,1355,452,308,148,452,634,,,,,
Texas Christian,37,23,0.457,13.81,9.6,2730,2574,1500,990,2168,281,813,0.346,469,688,0.682,395,1347,598,255,162,499,586,,,,,
San Diego,36,21,0.457,6.12,3.61,2591,2455,1460,914,2002,284,808,0.351,479,641,0.747,290,1238,516,204,112,466,667,,,,,
Indiana,35,19,0.457,13.82,10.1,2504,2374,1420,919,2009,211,676,0.312,455,695,0.655,341,1272,469,226,154,433,596,,,,,
UCLA,33,17,0.457,7.17,6.78,2580,2567,1335,919,2012,256,721,0.355,486,768,0.633,380,1361,472,194,136,467,563,,,,,
Iowa NCAA,35,23,0.456,14.27,9.84,2740,2585,1415,914,2006,285,782,0.364,627,849,0.739,357,1246,542,211,112,427,565,,,,,
Lamar,33,20,0.456,-5.94,-7.22,2597,2322,1340,902,1976,228,664,0.343,565,823,0.687,446,1282,481,283,97,473,622,,,,,
Montana State,32,15,0.456,-7.91,-5.81,2502,2552,1280,858,1882,306,818,0.374,480,651,0.737,292,1083,491,169,46,394,567,,,,,
Houston Baptist,30,12,0.456,-9.36,-5.53,2465,2484,1225,865,1896,200,588,0.34,535,793,0.675,409,1142,449,234,54,442,593,,,,,
Oral Roberts,32,11,0.456,-9.34,-1.91,2314,2483,1285,854,1874,266,734,0.362,340,492,0.691,335,1147,434,152,107,447,575,,,,,
Texas Southern,38,24,0.455,-5.55,-6.99,3102,3008,1550,1083,2379,276,852,0.324,660,988,0.668,467,1503,591,309,114,589,679,,,,,
Central Michigan,35,23,0.455,2.79,-0.34,2896,2690,1425,991,2177,305,822,0.371,609,908,0.671,419,1321,467,267,107,425,593,,,,,
Campbell,33,20,0.455,-3.62,-4.39,2495,2328,1325,867,1906,313,912,0.343,448,590,0.759,266,1050,482,218,104,337,522,,,,,
Hartford,33,18,0.455,-3.95,-4.89,2477,2407,1345,848,1862,322,846,0.381,459,619,0.742,278,1050,462,228,69,401,556,,,,,
North Carolina Central NCAA,34,18,0.455,-11.53,-11.24,2429,2266,1365,874,1922,221,693,0.319,460,641,0.718,399,1265,526,207,93,515,610,,,,,
Winthrop,30,18,0.455,-2.89,-3.74,2499,2358,1210,855,1878,372,997,0.373,417,565,0.738,330,1232,460,134,83,456,535,,,,,
Jacksonville,32,12,0.455,-8.27,-4.74,2385,2402,1285,889,1953,213,645,0.33,394,582,0.677,330,1163,457,213,166,463,523,,,,,
Marquette NCAA,34,24,0.454,14.78,6.96,2629,2363,1375,893,1969,319,822,0.388,524,692,0.757,331,1292,456,168,145,467,635,,,,,
Colorado,36,23,0.454,9.68,3.6,2648,2429,1445,924,2036,230,711,0.323,570,757,0.753,363,1352,478,181,107,479,616,,,,,
Fresno State,32,23,0.454,8.99,0.67,2448,2162,1285,847,1866,342,897,0.381,412,572,0.72,300,1137,457,228,111,400,592,,,,,
UC-Santa Barbara,32,22,0.454,-1.62,-5.55,2350,2114,1290,825,1819,204,594,0.343,496,693,0.716,379,1204,431,159,106,355,558,,,,,
Loyola Marymount,34,22,0.454,2.93,0.9,2278,2125,1360,817,1800,163,510,0.32,481,645,0.746,314,1098,460,250,102,425,602,,,,,
Louisiana-Monroe,35,19,0.454,0.81,-1.96,2773,2637,1425,922,2029,353,891,0.396,576,737,0.782,317,1176,498,206,78,398,545,,,,,
North Dakota State NCAA,35,19,0.454,-4.01,-2.07,2556,2541,1410,874,1926,332,910,0.365,476,613,0.777,229,1105,402,160,87,368,523,,,,,
Pennsylvania,31,19,0.454,2.04,-0.76,2250,2117,1265,821,1810,282,803,0.351,326,511,0.638,270,1101,465,210,76,395,500,,,,,
Cal State Fullerton,34,16,0.454,-3.29,-1.14,2437,2414,1385,868,1911,187,589,0.317,514,726,0.708,277,1224,407,200,118,450,639,,,,,
Appalachian State,32,11,0.454,-3.73,0.1,2557,2539,1290,880,1938,292,814,0.359,505,706,0.715,310,1127,406,171,90,418,585,,,,,
Western Carolina,32,7,0.454,-9.28,0.34,2304,2563,1295,792,1744,296,800,0.37,424,628,0.675,303,1135,389,135,53,577,671,,,,,
Toledo,33,25,0.453,8.21,0.71,2537,2256,1330,901,1990,325,859,0.378,410,531,0.772,327,1281,538,170,152,402,517,,,,,
Memphis,36,22,0.453,10.7,5.09,2882,2680,1450,1013,2238,260,807,0.322,596,835,0.714,436,1358,553,288,144,538,739,,,,,
Coastal Carolina,34,17,0.453,-0.5,-1.94,2641,2520,1370,899,1986,284,766,0.371,559,778,0.719,376,1256,451,214,78,472,691,,,,,
IUPUI,33,16,0.453,-2.72,-3.04,2507,2429,1320,891,1969,234,695,0.337,491,699,0.702,403,1233,471,228,103,462,578,,,,,
Stanford,31,15,0.453,6.03,5.13,2255,2227,1245,808,1783,207,653,0.317,432,643,0.672,322,1147,392,186,147,467,586,,,,,
Florida Gulf Coast,32,14,0.453,-5.11,-1.48,2280,2360,1280,809,1787,269,724,0.372,393,588,0.668,272,1064,449,219,133,479,514,,,,,
McNeese State,31,9,0.453,-14.41,-6.15,2149,2303,1245,760,1676,168,548,0.307,461,647,0.713,310,1054,429,147,97,450,467,,,,,
Alabama-Birmingham,35,20,0.452,0.36,-1.52,2470,2370,1410,906,2003,234,694,0.337,424,630,0.673,367,1279,401,218,82,399,578,,,,,
Grand Canyon,34,20,0.452,3.85,-1.49,2560,2353,1370,907,2006,257,777,0.331,487,666,0.731,350,1238,478,207,75,411,598,,,,,
Grambling,34,17,0.452,-9.73,-9.34,2426,2336,1370,834,1846,223,553,0.403,535,781,0.685,307,1287,420,193,147,536,699,,,,,
Iona NCAA,33,17,0.452,-4.78,-5.5,2532,2508,1320,857,1897,297,845,0.351,521,699,0.745,283,1152,432,223,90,406,564,,,,,
Missouri State,32,16,0.452,-1.2,-1.03,2206,2157,1285,774,1714,224,649,0.345,434,627,0.692,270,1000,354,221,127,385,540,,,,,
Air Force,32,14,0.452,-4.28,0.24,2179,2294,1300,802,1776,234,711,0.329,341,503,0.678,253,1077,434,154,57,423,543,,,,,
Dartmouth,30,11,0.452,-5.75,-3,2160,2116,1210,791,1750,264,721,0.366,314,436,0.72,246,1020,426,158,100,361,468,,,,,
Columbia,28,10,0.452,-5.18,-2.14,2059,2052,1160,778,1720,237,655,0.362,266,377,0.706,255,985,443,218,78,366,539,,,,,
Washington NCAA,36,27,0.451,12.01,7.01,2511,2331,1445,883,1956,273,780,0.35,472,679,0.695,334,1129,419,323,206,479,653,,,,,
Purdue NCAA,36,26,0.451,21.4,11.99,2760,2421,1460,967,2145,365,977,0.374,461,641,0.719,421,1341,518,220,143,381,625,,,,,
Oregon NCAA,38,25,0.451,13.95,6.13,2661,2364,1530,958,2126,295,840,0.351,450,624,0.721,361,1307,501,290,162,442,665,,,,,
Hawaii,31,18,0.451,-1.3,-3.61,2241,2131,1250,788,1746,266,751,0.354,399,576,0.693,278,1054,478,156,66,368,556,,,,,
Mercer,31,11,0.451,-2.86,-0.24,2248,2246,1245,787,1746,228,663,0.344,446,648,0.688,307,1057,393,207,80,407,557,,,,,
Auburn NCAA,40,30,0.45,20.84,10.92,3188,2750,1615,1097,2439,454,1204,0.377,540,760,0.711,457,1369,572,369,190,466,731,,,,,
Davidson,34,24,0.45,6.38,1.96,2409,2229,1365,852,1893,312,882,0.354,393,525,0.749,264,1185,499,175,82,378,539,,,,,
Bucknell,33,21,0.45,0.59,-2.93,2534,2418,1325,867,1928,311,885,0.351,489,653,0.749,286,1154,519,173,116,409,627,,,,,
St. John's (NY) NCAA,34,21,0.45,7.88,5.5,2623,2542,1375,944,2100,289,809,0.357,446,620,0.719,264,1120,472,302,111,357,650,,,,,
Valparaiso,33,15,0.45,-3.38,-1,2205,2187,1335,802,1783,185,585,0.316,416,595,0.699,294,1115,431,202,101,439,546,,,,,
Troy,30,12,0.45,-6.12,-1.01,2179,2242,1210,773,1719,236,704,0.335,397,550,0.722,277,1021,392,171,135,408,523,,,,,
Maryland NCAA,34,23,0.449,16.01,10.09,2429,2228,1360,858,1909,247,707,0.349,466,627,0.743,378,1336,447,148,163,437,526,,,,,
Wisconsin NCAA,34,23,0.449,17.9,11.01,2333,2099,1385,874,1945,241,672,0.359,344,531,0.648,283,1197,430,177,140,327,511,,,,,
Clemson,34,20,0.449,13.85,8.99,2339,2174,1360,833,1857,217,661,0.328,456,623,0.732,309,1204,410,223,154,450,552,,,,,
Presbyterian,36,20,0.449,-3.56,-5.35,2817,2610,1445,966,2150,394,1034,0.381,491,674,0.728,324,1248,565,214,69,358,617,,,,,
Eastern Michigan,32,15,0.449,0.4,4.43,2203,2213,1295,818,1823,187,634,0.295,380,604,0.629,400,1155,369,237,143,442,529,,,,,
Marist,31,12,0.449,-9.49,-7.53,2086,2147,1250,739,1647,245,675,0.363,363,530,0.685,241,967,377,172,53,387,583,,,,,
Lafayette,30,10,0.449,-11.17,-4.93,2209,2349,1220,802,1786,280,736,0.38,325,437,0.744,233,1004,419,158,126,402,515,,,,,
Michigan NCAA,37,30,0.448,21.82,10.55,2575,2158,1480,941,2102,287,839,0.342,406,579,0.701,299,1307,512,225,149,334,514,,,,,
Tulsa,32,18,0.448,4.65,3.86,2296,2271,1290,776,1732,222,652,0.34,522,751,0.695,239,1119,430,176,76,404,529,,,,,
North Florida,33,16,0.448,-3.47,-0.7,2485,2531,1325,902,2014,308,897,0.343,373,539,0.692,363,1252,520,212,165,536,573,,,,,
Sacramento State,31,15,0.448,-8.78,-6.78,2197,2155,1250,806,1800,175,527,0.332,410,592,0.693,308,1050,431,239,104,404,566,,,,,
Washington State,32,11,0.448,-1.67,2.2,2393,2517,1280,833,1861,301,828,0.364,426,564,0.755,276,1076,478,169,89,440,554,,,,,
Arizona State NCAA,34,23,0.447,10.28,6.04,2638,2494,1380,899,2012,240,714,0.336,600,882,0.68,399,1351,459,213,109,466,675,,,,,
Oklahoma NCAA,34,20,0.447,15.3,12.21,2423,2318,1365,883,1975,226,654,0.346,431,618,0.697,305,1263,430,203,102,401,527,,,,,
Western Kentucky,34,20,0.447,3.14,0.96,2429,2355,1380,853,1910,199,608,0.327,524,724,0.724,338,1256,417,235,174,466,528,,,,,
California Baptist,31,16,0.447,-3.89,-4.12,2403,2241,1260,831,1859,287,800,0.359,454,576,0.788,306,1171,345,148,85,379,623,,,,,
Rider,31,16,0.447,-4.96,-6.51,2381,2333,1245,847,1893,222,651,0.341,465,755,0.616,363,1144,450,282,101,415,591,,,,,
Citadel,30,12,0.447,-7.94,0.03,2553,2584,1210,899,2011,370,1076,0.344,385,523,0.736,322,1107,462,201,110,386,528,,,,,
Idaho State,30,11,0.447,-13.17,-4.81,2198,2369,1200,779,1742,274,752,0.364,366,498,0.735,275,975,383,154,88,360,497,,,,,
Houston NCAA,37,33,0.446,18.91,4.61,2787,2258,1480,982,2203,333,939,0.355,490,697,0.703,448,1502,548,240,161,410,705,,,,,
Arkansas,34,18,0.446,11.75,8.78,2559,2458,1370,893,2004,259,751,0.345,514,769,0.668,345,1152,543,276,172,450,693,,,,,
Connecticut,33,16,0.446,6.81,4.32,2436,2354,1325,874,1959,252,732,0.344,436,641,0.68,380,1167,422,200,145,427,643,,,,,
Tennessee-Martin,31,12,0.446,-10.94,-4.32,2356,2486,1250,854,1915,250,726,0.344,398,528,0.754,351,1062,441,223,88,418,490,,,,,
Louisiana,32,19,0.445,-2.07,-1.51,2612,2575,1290,901,2026,283,821,0.345,527,710,0.742,364,1142,487,226,125,423,612,,,,,
George Mason,33,18,0.445,0.84,0.08,2314,2289,1330,825,1855,210,637,0.33,454,634,0.716,323,1166,399,204,97,428,563,,,,,
Butler,33,16,0.445,9.22,8.1,2374,2337,1330,861,1934,292,827,0.353,360,488,0.738,288,1058,434,193,62,359,593,,,,,
Santa Clara,31,16,0.445,-1.91,0.92,2115,2172,1255,735,1653,239,663,0.36,406,567,0.716,242,1026,416,146,111,433,597,,,,,
Texas State,34,24,0.444,1.54,-3,2470,2204,1370,876,1971,244,744,0.328,474,694,0.683,409,1291,493,234,84,455,667,,,,,
NJIT,35,22,0.444,-3.63,-4.74,2472,2401,1410,849,1913,246,713,0.345,528,732,0.721,250,1178,376,223,94,421,582,,,,,
New Orleans,33,19,0.444,-8.88,-6.47,2384,2325,1345,862,1941,189,566,0.334,471,681,0.692,393,1166,497,285,134,517,631,,,,,
High Point,31,16,0.444,-5.63,-4.39,2115,2105,1255,763,1719,180,583,0.309,409,605,0.676,363,1183,404,170,91,406,502,,,,,
Pepperdine,34,16,0.444,0.9,0.63,2572,2529,1370,865,1949,313,819,0.382,529,696,0.76,290,1085,479,229,95,432,639,,,,,
Bowling Green State,34,22,0.443,4.24,0.86,2668,2496,1370,945,2134,272,762,0.357,506,755,0.67,408,1396,427,227,90,412,596,,,,,
Brown,32,20,0.443,-0.62,-3.29,2355,2204,1290,805,1818,255,745,0.342,490,685,0.715,261,1157,418,241,123,458,600,,,,,
Georgetown,33,19,0.443,6.8,5.31,2625,2576,1355,894,2017,269,757,0.355,568,771,0.737,350,1299,542,198,131,443,581,,,,,
Chattanooga,32,12,0.443,-7.87,-0.76,2268,2376,1285,833,1881,290,795,0.365,312,457,0.683,278,1095,418,139,79,409,553,,,,,
UC-Riverside,33,10,0.443,-11.12,-3.19,2153,2279,1325,792,1787,279,743,0.376,290,424,0.684,286,1051,425,164,60,425,562,,,,,
North Carolina-Wilmington,33,10,0.443,-8.1,-2.04,2515,2670,1335,880,1986,260,744,0.349,493,673,0.733,387,1221,495,150,68,436,585,,,,,
Florida State NCAA,37,29,0.442,17.99,10.26,2771,2485,1500,960,2171,272,819,0.332,579,778,0.744,418,1391,475,266,161,492,705,,,,,
Marshall,37,23,0.442,-0.64,-0.61,2978,2979,1495,1047,2367,362,1058,0.342,522,723,0.722,319,1260,527,334,170,453,664,,,,,
Sam Houston State,33,21,0.442,-3.17,-5.84,2476,2307,1345,889,2011,308,840,0.367,390,518,0.753,369,1191,555,242,94,413,659,,,,,
Baylor NCAA,34,20,0.442,13.38,9.26,2442,2302,1365,869,1966,274,803,0.341,430,635,0.677,450,1281,473,209,159,446,636,,,,,
Cornell,31,15,0.442,-6.12,-2.02,2149,2211,1260,754,1705,243,731,0.332,398,551,0.722,191,1015,453,181,107,414,492,,,,,
Southern Methodist,32,15,0.442,5.81,4.12,2303,2249,1280,833,1884,263,772,0.341,374,523,0.715,365,1135,441,189,123,350,515,,,,,
James Madison,33,14,0.442,-8.52,-4.07,2322,2409,1350,821,1859,243,670,0.363,437,607,0.72,345,1123,403,211,101,420,612,,,,,
Southeastern Louisiana,33,17,0.441,-7.59,-6.3,2224,2228,1320,765,1735,235,696,0.338,459,640,0.717,346,1117,452,215,80,536,602,,,,,
Southern Utah,34,17,0.441,-8.91,-6.22,2573,2566,1380,881,1997,272,799,0.34,539,757,0.712,282,1250,426,199,114,466,696,,,,,
Georgia,32,11,0.441,5.31,8.12,2274,2364,1280,776,1761,210,653,0.322,512,726,0.705,357,1215,423,185,163,506,565,,,,,
Massachusetts,32,11,0.441,-3.02,-0.18,2263,2354,1290,808,1831,256,732,0.35,391,574,0.681,342,1123,468,154,93,445,643,,,,,
Idaho,32,5,0.441,-18.74,-6.19,2174,2460,1285,778,1764,251,678,0.37,367,507,0.724,258,1061,399,130,53,433,582,,,,,
Florida International,34,20,0.44,-4.55,-1.45,2798,2734,1360,986,2239,279,923,0.302,547,855,0.64,367,1217,491,359,153,477,655,,,,,
Alabama,34,18,0.44,9.45,9.01,2448,2433,1365,856,1945,244,718,0.34,492,739,0.666,384,1285,418,157,160,465,572,,,,,
Indiana State,31,15,0.44,-2.72,0.62,2146,2218,1250,757,1719,178,491,0.363,454,621,0.731,250,1007,342,207,73,402,586,,,,,
Georgia Tech,32,14,0.44,6.93,8.15,2091,2130,1285,755,1714,176,573,0.307,405,588,0.689,262,1074,433,221,166,459,560,,,,,
Southeast Missouri State,31,10,0.44,-11.32,-4.39,2216,2378,1265,796,1809,266,719,0.37,358,519,0.69,284,1081,402,182,75,447,615,,,,,
Western Illinois,31,10,0.44,-10.04,-5.18,2198,2272,1245,818,1860,241,626,0.385,321,440,0.73,254,1100,319,165,132,353,487,,,,,
Southern,32,7,0.44,-16.79,-7.37,2077,2360,1285,752,1710,180,544,0.331,393,588,0.668,313,980,372,216,86,511,716,,,,,
Seton Hall NCAA,34,20,0.439,10.25,8.34,2508,2443,1375,888,2021,240,741,0.324,492,697,0.706,361,1213,459,235,132,423,638,,,,,
Bethune-Cookman,31,14,0.439,-11.98,-9.74,2290,2245,1250,833,1899,204,635,0.321,420,689,0.61,415,1274,444,234,108,501,610,,,,,
Stephen F. Austin,30,14,0.439,-10.99,-5.92,2105,2161,1210,745,1696,201,588,0.342,414,607,0.682,313,1008,348,192,113,442,579,,,,,
UC-Davis,31,11,0.439,-6.26,-1.5,2038,2128,1260,735,1673,203,619,0.328,365,515,0.709,218,929,375,196,71,412,596,,,,,
Villanova NCAA,36,26,0.438,14.33,7.97,2654,2425,1455,884,2019,380,1081,0.352,506,695,0.728,368,1253,503,194,106,388,580,,,,,
Virginia Commonwealth NCAA,33,25,0.438,11.96,2.87,2344,2044,1330,820,1872,235,771,0.305,469,669,0.701,358,1208,450,263,148,458,650,,,,,
Prairie View NCAA,35,22,0.438,-7.29,-9.17,2627,2547,1400,903,2061,225,703,0.32,596,875,0.681,392,1151,445,309,55,445,758,,,,,
Seattle,33,18,0.438,-1.47,-3.85,2420,2283,1330,852,1945,238,642,0.371,478,668,0.716,336,1221,386,141,118,403,657,,,,,
Texas A&M,32,14,0.438,7.21,8.59,2253,2297,1280,806,1842,204,663,0.308,437,631,0.693,372,1195,376,215,142,444,521,,,,,
South Dakota,30,13,0.438,-5.52,-3.06,2118,2136,1205,729,1664,227,666,0.341,433,585,0.74,219,942,382,165,68,324,527,,,,,
Florida A&M,31,12,0.438,-13.57,-8.09,1927,2057,1245,719,1640,180,489,0.368,309,503,0.614,288,991,355,226,111,499,580,,,,,
Denver,30,8,0.438,-11.84,-2.97,2086,2319,1205,755,1723,227,622,0.365,349,460,0.759,275,1041,354,142,78,408,506,,,,,
Temple NCAA,33,23,0.437,8.17,4.93,2465,2358,1340,873,1998,247,748,0.33,472,649,0.727,316,1136,476,284,73,368,581,,,,,
Long Island University,32,16,0.437,-8.99,-9.08,2373,2337,1285,822,1880,277,813,0.341,452,643,0.703,321,1196,430,218,157,471,610,,,,,
Ohio,31,14,0.437,-1.84,3.16,2174,2288,1255,803,1838,187,633,0.295,381,602,0.633,332,1152,451,200,115,448,504,,,,,
San Diego State,34,21,0.436,5.29,2.47,2437,2291,1360,845,1940,261,721,0.362,486,679,0.716,346,1228,487,197,113,424,638,,,,,
Wright State,35,21,0.436,3.29,-0.89,2561,2365,1405,885,2028,281,818,0.344,510,692,0.737,382,1229,484,214,72,402,545,,,,,
Louisiana Tech,33,20,0.436,0.95,-2.31,2386,2235,1335,840,1928,253,756,0.335,453,690,0.657,368,1204,440,190,115,386,535,,,,,
Elon,32,11,0.436,-11.53,-3.56,2266,2445,1290,812,1862,335,943,0.355,307,443,0.693,265,1082,468,135,62,413,539,,,,,
Cleveland State,31,10,0.436,-7.96,-1.52,2300,2437,1250,799,1834,303,820,0.37,399,585,0.682,303,1093,460,174,97,412,551,,,,,
Minnesota NCAA,36,22,0.435,12.52,11.27,2543,2498,1445,887,2039,191,603,0.317,578,848,0.682,402,1314,523,175,140,418,578,,,,,
North Texas,33,21,0.435,-0.25,-3.48,2302,2077,1325,831,1910,284,838,0.339,356,532,0.669,368,1244,428,210,88,443,589,,,,,
Saint Francis (PA),33,18,0.435,-8.74,-6.16,2517,2510,1320,885,2035,254,724,0.351,493,698,0.706,430,1246,413,221,94,402,598,,,,,
Canisius,32,15,0.435,-8.79,-4.85,2250,2376,1295,798,1834,256,791,0.324,398,575,0.692,300,1026,466,204,108,412,627,,,,,
Miami (FL),32,14,0.435,9.39,8.7,2297,2275,1285,805,1851,268,805,0.333,419,570,0.735,291,1061,413,212,100,372,465,,,,,
Towson,32,10,0.435,-8.44,-3.57,2170,2294,1310,810,1860,180,550,0.327,370,532,0.695,389,1184,319,154,94,390,561,,,,,
Louisville NCAA,34,20,0.434,17.28,11.04,2536,2324,1380,854,1967,294,860,0.342,534,687,0.777,345,1297,458,149,99,412,591,,,,,
Ohio State NCAA,35,20,0.434,13.89,11,2419,2318,1405,839,1931,264,774,0.341,477,650,0.734,328,1215,494,206,85,438,623,,,,,
Siena,33,17,0.434,-7.9,-6.47,2131,2178,1345,772,1779,288,849,0.339,299,440,0.68,248,973,415,190,93,321,462,,,,,
Fairfield,31,9,0.434,-10.2,-7.14,2072,2167,1240,761,1755,259,740,0.35,291,420,0.693,273,968,401,202,63,436,612,,,,,
Norfolk State,36,22,0.433,-8.04,-8.74,2652,2503,1460,900,2079,282,770,0.366,570,803,0.71,366,1318,457,219,154,523,763,,,,,
Maryland-Baltimore County,34,21,0.433,-5.85,-5.85,2296,2177,1400,820,1893,261,807,0.323,395,573,0.689,296,1145,453,268,83,428,578,,,,,
Texas,37,21,0.433,16.06,11.46,2628,2458,1495,929,2146,325,934,0.348,445,637,0.699,358,1264,486,227,152,401,627,,,,,
Bradley NCAA,35,20,0.433,-0.08,-0.9,2329,2285,1405,812,1874,240,653,0.368,465,672,0.692,313,1195,423,186,132,440,617,,,,,
Howard,34,17,0.433,-12.3,-9.52,2684,2661,1370,937,2163,244,669,0.365,566,780,0.726,396,1253,463,198,144,427,652,,,,,
Texas-San Antonio,32,17,0.433,0.69,0.05,2481,2407,1295,896,2068,294,855,0.344,395,536,0.737,323,1216,420,213,82,402,581,,,,,
Cincinnati NCAA,35,28,0.432,14.53,5.5,2510,2194,1410,872,2018,232,673,0.345,534,758,0.704,442,1264,466,214,155,365,563,,,,,
Kent State,33,22,0.432,1.26,0.61,2481,2417,1330,878,2032,261,775,0.337,464,641,0.724,412,1185,430,226,119,378,601,,,,,
Hampton,35,18,0.432,-3.34,-5.06,2847,2669,1430,966,2236,291,844,0.345,622,790,0.787,363,1370,487,215,121,379,649,,,,,
Robert Morris,35,18,0.432,-9.41,-7.62,2448,2403,1420,861,1991,280,789,0.355,446,638,0.699,373,1178,487,257,92,507,683,,,,,
Cal State Long Beach,34,15,0.432,-4.57,-0.44,2545,2584,1375,877,2031,217,630,0.344,574,831,0.691,377,1263,399,219,105,479,620,,,,,
Eastern Illinois,32,14,0.432,-11.81,-5.01,2299,2457,1310,826,1912,272,735,0.37,375,545,0.688,347,1147,434,200,120,427,569,,,,,
Northern Arizona,31,10,0.432,-10.75,-6.23,2262,2402,1250,785,1819,259,749,0.346,433,614,0.705,290,1055,381,196,65,372,537,,,,,
Tennessee State,30,9,0.432,-11.62,-3.15,2182,2332,1210,751,1739,240,716,0.335,440,628,0.701,317,1032,342,219,78,497,735,,,,,
Maine,32,5,0.432,-15.11,-4.21,1988,2271,1310,747,1728,201,647,0.311,293,452,0.648,280,1015,471,239,94,460,566,,,,,
Illinois State,33,17,0.431,-2.06,0.25,2257,2314,1330,813,1887,244,734,0.332,387,540,0.717,298,1139,421,162,106,417,577,,,,,
Illinois,33,12,0.431,8.95,11.53,2398,2483,1335,862,2001,259,751,0.345,415,591,0.702,351,1091,446,245,86,435,700,,,,,
Missouri-Kansas City,32,11,0.431,-6.61,-1.55,2220,2341,1290,774,1794,259,728,0.356,413,590,0.7,261,966,351,233,90,391,647,,,,,
Binghamton,33,10,0.431,-13.92,-4.69,2152,2376,1320,793,1842,275,788,0.349,291,452,0.644,244,1060,324,183,152,409,474,,,,,
Saint Peter's,32,10,0.431,-12.15,-6.4,2012,2196,1305,707,1639,184,567,0.325,414,570,0.726,293,1032,301,172,177,488,614,,,,,
South Florida,38,24,0.43,5.96,1.69,2752,2553,1555,911,2120,272,819,0.332,658,1018,0.646,496,1483,521,306,124,604,790,,,,,
Missouri,32,15,0.43,8.6,9.16,2150,2168,1290,758,1764,264,727,0.363,370,526,0.703,345,1130,354,149,53,448,625,,,,,
Kansas State NCAA,34,25,0.429,15.39,9.18,2236,2025,1360,806,1878,241,721,0.334,383,574,0.667,325,1137,464,256,76,385,550,,,,,
Nebraska,36,19,0.429,14.85,11.31,2586,2421,1445,916,2133,270,800,0.338,484,694,0.697,379,1278,466,260,151,345,580,,,,,
Charleston Southern,34,18,0.429,-2.43,-4.19,2574,2369,1370,926,2156,324,945,0.343,398,588,0.677,407,1277,487,263,110,441,571,,,,,
Rhode Island,33,18,0.429,2.83,1.19,2293,2239,1335,821,1914,172,615,0.28,479,704,0.68,375,1194,401,235,129,405,582,,,,,
St. Bonaventure,34,18,0.429,3.34,0.25,2250,2145,1385,821,1914,208,635,0.328,400,539,0.742,333,1183,417,199,164,421,553,,,,,
Eastern Washington,34,16,0.429,-6.77,-4.17,2460,2527,1380,876,2040,310,886,0.35,398,546,0.729,299,1192,467,200,101,401,632,,,,,
Texas A&M-Corpus Christi,32,14,0.429,-9.11,-5.68,2126,2124,1290,774,1803,202,621,0.325,376,541,0.695,349,1158,423,197,90,456,610,,,,,
Morehead State,33,13,0.429,-7.73,-1.76,2431,2543,1335,855,1993,260,762,0.341,461,654,0.705,357,1177,440,186,137,402,561,,,,,
South Carolina State,34,8,0.429,-16.86,-8.3,2388,2593,1375,811,1891,193,582,0.332,573,772,0.742,376,1137,386,167,60,493,670,,,,,
Duquesne,32,19,0.428,0.53,-0.63,2351,2314,1295,810,1894,271,841,0.322,460,663,0.694,379,1133,442,250,151,451,580,,,,,
Longwood,34,16,0.428,-8.43,-6.62,2407,2408,1375,803,1875,333,939,0.355,468,639,0.732,284,1194,401,210,71,477,624,,,,,
Army,32,13,0.428,-7.57,-4.73,2268,2305,1280,837,1956,272,863,0.315,322,471,0.684,259,1125,499,198,50,376,544,,,,,
Arizona,32,17,0.427,8.32,6.32,2269,2205,1290,794,1861,235,699,0.336,446,620,0.719,324,1115,398,165,73,370,594,,,,,
Nevada-Las Vegas,31,17,0.427,1.58,0.48,2276,2242,1250,791,1852,251,745,0.337,443,647,0.685,408,1204,401,184,115,401,556,,,,,
Quinnipiac,31,16,0.427,-6.78,-8.03,2294,2255,1270,739,1730,348,923,0.377,468,646,0.724,311,1111,393,159,62,415,524,,,,,
Arkansas-Pine Bluff,32,13,0.427,-14.43,-8.18,2108,2269,1300,719,1685,194,574,0.338,476,702,0.678,317,1063,365,216,109,478,629,,,,,
Youngstown State,32,12,0.427,-7.78,-2.05,2415,2526,1305,879,2057,303,891,0.34,354,505,0.701,418,1207,449,210,115,423,656,,,,,
VMI,32,11,0.427,-10.5,0.09,2433,2617,1290,843,1974,323,899,0.359,424,581,0.73,280,1110,442,217,61,390,541,,,,,
Central Arkansas,33,14,0.426,-11.37,-4.81,2383,2498,1330,810,1903,276,784,0.352,487,667,0.73,299,1164,463,202,120,478,611,,,,,
Rice,32,13,0.426,-6.56,-2.06,2367,2481,1305,795,1867,277,797,0.348,500,729,0.686,316,1221,425,171,104,438,568,,,,,
University of California,31,8,0.426,-3.16,5.42,2121,2387,1245,739,1735,207,592,0.35,436,603,0.723,249,900,338,227,99,352,574,,,,,
Florida NCAA,36,20,0.425,15.42,11.22,2440,2289,1455,857,2015,291,872,0.334,435,603,0.721,375,1201,437,257,131,420,614,,,,,
Boston College,31,14,0.425,5.83,7.76,2196,2256,1260,768,1808,218,687,0.317,442,633,0.698,331,1139,382,159,103,378,509,,,,,
Western Michigan,32,8,0.425,-6.26,1.48,2246,2439,1300,774,1822,228,723,0.315,470,680,0.691,345,1197,374,147,78,490,564,,,,,
Syracuse NCAA,34,20,0.424,13.73,10.09,2370,2246,1365,808,1907,274,824,0.333,480,701,0.685,363,1174,408,278,162,423,588,,,,,
Cal State Bakersfield,34,18,0.424,-5.12,-2.63,2412,2412,1375,887,2092,221,683,0.324,417,620,0.673,486,1272,379,218,105,439,747,,,,,
Portland State,32,16,0.424,-8.95,-5.78,2475,2404,1290,856,2017,238,769,0.309,525,748,0.702,491,1282,434,264,130,449,681,,,,,
Eastern Kentucky,31,13,0.424,-7.4,-2.47,2562,2577,1265,902,2125,272,832,0.327,486,683,0.712,362,1167,458,317,101,447,661,,,,,
Providence,34,18,0.423,8.29,6.71,2428,2374,1385,835,1973,225,690,0.326,533,771,0.691,399,1241,491,253,136,445,600,,,,,
St. Francis (NY),33,17,0.423,-10.19,-8.45,2345,2320,1325,841,1989,270,806,0.335,393,580,0.678,346,1191,387,194,136,413,635,,,,,
South Carolina,32,16,0.423,8.34,9.63,2327,2316,1285,806,1907,242,662,0.366,473,694,0.682,383,1160,413,202,140,433,623,,,,,
Oklahoma State,32,12,0.423,8.09,11.53,2178,2288,1285,760,1796,280,753,0.372,378,549,0.689,295,1093,422,183,139,386,516,,,,,
New Mexico,32,14,0.422,-0.55,1.61,2443,2454,1280,814,1927,292,844,0.346,523,745,0.702,351,1199,446,220,107,455,627,,,,,
Nicholls State,31,14,0.422,-11.87,-6.98,2260,2302,1250,807,1914,324,883,0.367,322,418,0.77,280,1041,428,208,128,386,587,,,,,
Pacific,32,14,0.422,-2.46,1.97,2138,2241,1290,710,1681,198,566,0.35,520,698,0.745,285,1039,325,199,46,423,630,,,,,
Bryant,30,10,0.422,-15.19,-7.66,2088,2314,1200,709,1680,230,708,0.325,440,618,0.712,285,969,319,158,79,383,575,,,,,
Stony Brook,33,24,0.421,-2.1,-6.48,2364,2188,1335,815,1937,233,715,0.326,501,695,0.721,410,1348,372,209,142,478,631,,,,,
Miami (OH),32,15,0.421,0.77,2.31,2267,2233,1285,777,1847,269,832,0.323,444,626,0.709,353,1190,349,194,87,413,581,,,,,
Niagara,32,13,0.421,-11.33,-7.77,2318,2432,1285,795,1887,265,738,0.359,463,629,0.736,315,1143,343,128,127,390,511,,,,,
Evansville,32,11,0.421,-3.84,0.13,2234,2317,1295,747,1776,264,776,0.34,476,660,0.721,215,1095,394,185,89,416,602,,,,,
Vanderbilt,32,9,0.421,3.57,7.79,2180,2315,1285,736,1750,230,739,0.311,478,710,0.673,325,1139,371,154,126,454,568,,,,,
Milwaukee,31,9,0.42,-8.9,-2.5,2146,2315,1245,765,1820,237,692,0.342,379,508,0.746,288,1094,356,145,94,382,579,,,,,
Rutgers,31,14,0.419,8.89,9.76,2105,2132,1250,771,1842,191,612,0.312,372,584,0.637,391,1210,390,201,124,408,566,,,,,
Middle Tennessee,32,11,0.419,-6.09,1.44,2141,2313,1280,778,1858,212,650,0.326,373,551,0.677,382,1228,352,190,85,512,583,,,,,
Texas-Rio Grande Valley,37,20,0.418,-2.04,-1.61,2634,2623,1490,895,2139,203,636,0.319,641,923,0.694,358,1215,503,345,105,471,763,,,,,
Pittsburgh,33,14,0.418,7.88,6.69,2306,2267,1330,769,1841,225,680,0.331,543,779,0.697,383,1211,387,227,126,448,611,,,,,
Arkansas State,32,13,0.418,-7.1,-1.23,2359,2475,1310,796,1904,237,709,0.334,530,721,0.735,403,1211,363,183,139,448,684,,,,,
Detroit Mercy,31,11,0.418,-6.33,-0.36,2279,2464,1240,784,1874,294,825,0.356,417,581,0.718,336,1019,319,238,77,355,528,,,,,
East Carolina,31,10,0.418,-5.49,1.31,2088,2299,1255,749,1791,155,545,0.284,435,638,0.682,317,1061,382,224,110,416,622,,,,,
SIU Edwardsville,31,10,0.418,-14.47,-5.06,2265,2520,1280,794,1898,201,665,0.302,476,677,0.703,351,1079,382,198,70,438,612,,,,,
Mount St. Mary's,31,9,0.418,-14.57,-6.02,2092,2286,1240,733,1755,223,723,0.308,403,594,0.678,293,1036,354,146,107,410,576,,,,,
Saint Louis NCAA,36,23,0.417,5.06,2.23,2399,2297,1440,855,2052,205,675,0.304,484,809,0.598,492,1428,460,254,145,464,634,,,,,
Penn State,32,14,0.417,12.55,11.51,2229,2196,1295,791,1898,222,693,0.32,425,613,0.693,382,1174,389,245,122,399,597,,,,,
Wyoming,32,8,0.417,-9.75,0.19,2105,2411,1285,690,1656,248,720,0.344,477,660,0.723,167,983,331,176,88,450,588,,,,,
Northern Iowa,34,16,0.416,-1.54,0.62,2215,2230,1360,769,1847,276,792,0.348,401,537,0.747,262,1115,370,165,75,393,554,,,,,
Albany (NY),32,12,0.416,-9.38,-6.7,2150,2216,1300,728,1750,274,790,0.347,420,564,0.745,294,1081,402,195,78,454,566,,,,,
Tennessee Tech,31,8,0.416,-14.76,-3,2104,2350,1250,742,1784,213,620,0.344,407,645,0.631,330,1122,389,226,134,517,554,,,,,
Monmouth,35,14,0.415,-10.66,-4.83,2286,2490,1420,794,1915,168,565,0.297,530,773,0.686,360,1224,379,237,101,502,698,,,,,
Charlotte,29,8,0.415,-8.34,-0.89,1776,1992,1160,598,1442,191,615,0.311,389,524,0.742,199,892,288,138,101,418,490,,,,,
Central Connecticut State,31,11,0.414,-14.02,-6.71,2205,2367,1260,754,1821,201,612,0.328,496,634,0.782,332,1107,353,172,110,427,597,,,,,
Portland,32,7,0.414,-10.8,0.51,2078,2389,1290,707,1708,216,664,0.325,448,668,0.671,233,1032,369,175,123,425,588,,,,,
South Carolina Upstate,32,6,0.414,-15.3,-4.27,2169,2395,1290,775,1872,269,817,0.329,350,492,0.711,305,1051,434,207,94,440,621,,,,,
West Virginia,36,15,0.413,6.94,10.57,2655,2786,1460,901,2181,269,852,0.316,584,849,0.688,519,1425,488,223,126,557,707,,,,,
Alcorn State,31,10,0.412,-22.08,-8.97,1995,2194,1245,709,1721,211,646,0.327,366,543,0.674,334,1079,391,229,107,492,548,,,,,
Cal Poly,29,6,0.412,-13.95,-3.54,1930,2183,1185,706,1715,225,687,0.328,293,452,0.648,284,975,301,147,99,334,544,,,,,
Princeton,28,16,0.411,-3.43,-0.89,1948,1951,1135,685,1666,207,679,0.305,371,502,0.739,272,1016,295,168,72,354,459,,,,,
Tulane,31,4,0.411,-6.72,3.63,2082,2403,1240,733,1783,213,670,0.318,403,585,0.689,298,1131,444,147,109,467,535,,,,,
Florida Atlantic,33,17,0.41,-1.42,-1.76,2322,2243,1335,809,1971,290,895,0.324,414,551,0.751,366,1296,419,184,93,485,575,,,,,
Navy,31,12,0.41,-10.09,-4,2061,2250,1240,732,1785,208,656,0.317,389,544,0.715,359,1160,399,167,58,437,534,,,,,
Chicago State,32,3,0.41,-24.83,0.67,1970,2710,1280,718,1752,141,471,0.299,393,581,0.676,252,995,376,193,72,512,625,,,,,
Akron,33,17,0.409,4.86,1.09,2271,2107,1325,797,1948,297,929,0.32,380,539,0.705,312,1204,399,185,106,388,569,,,,,
Texas-Arlington,33,17,0.409,-0.5,0.84,2284,2303,1345,781,1908,234,773,0.303,488,659,0.741,372,1235,421,211,97,467,630,,,,,
Wichita State,37,22,0.408,7.72,5.91,2609,2542,1485,929,2277,276,890,0.31,475,655,0.725,452,1417,499,174,135,446,705,,,,,
Saint Joseph's,33,14,0.408,-0.43,1.66,2328,2397,1325,793,1943,280,869,0.322,462,615,0.751,258,1145,397,186,110,305,497,,,,,
Alabama A&M,32,5,0.407,-19.23,-8.38,1938,2285,1295,736,1809,182,578,0.315,284,453,0.627,314,1032,385,234,50,487,587,,,,,
Old Dominion NCAA,35,26,0.406,3.74,-1.18,2300,2128,1400,823,2026,264,756,0.349,388,585,0.663,418,1365,439,197,160,408,580,,,,,
Manhattan,32,11,0.405,-12.89,-7.32,1833,2011,1285,651,1608,219,661,0.331,312,534,0.584,326,1026,360,221,78,487,672,,,,,
Northwestern State,31,11,0.405,-17.06,-5.99,2051,2280,1250,725,1790,190,646,0.294,411,604,0.68,352,1103,340,192,138,496,578,,,,,
Stetson,31,7,0.405,-15.01,-3.46,2151,2429,1245,794,1962,215,684,0.314,348,503,0.692,359,1110,418,210,94,394,536,,,,,
Jackson State,32,13,0.404,-14.6,-9.33,1974,2107,1285,717,1774,155,554,0.28,385,607,0.634,331,1125,359,209,124,436,643,,,,,
Alabama State,31,12,0.404,-15.6,-7.84,2086,2235,1250,712,1764,216,673,0.321,446,684,0.652,365,1094,313,203,102,451,565,,,,,
George Washington,33,9,0.404,-6.65,1.2,2097,2356,1340,745,1842,196,631,0.311,411,600,0.685,274,1116,375,170,96,413,526,,,,,
San Jose State,31,4,0.404,-16.37,0.59,2042,2534,1250,713,1765,210,641,0.328,406,620,0.655,323,1130,423,131,52,484,539,,,,,
North Carolina-Asheville,31,4,0.403,-19.81,-2.35,1857,2313,1245,655,1627,223,687,0.325,324,437,0.741,298,931,331,196,86,456,533,,,,,
Northwestern,32,13,0.402,9.97,9.16,2108,2082,1290,735,1827,233,744,0.313,405,551,0.735,278,1086,451,176,134,349,583,,,,,
Fordham,32,12,0.402,-5.02,-2.4,2108,2141,1295,759,1890,276,831,0.332,314,462,0.68,305,1082,360,188,108,345,559,,,,,
Texas-El Paso,29,8,0.401,-8.23,-1.71,1859,2001,1170,639,1592,199,620,0.321,382,578,0.661,285,1070,307,135,84,466,551,,,,,
La Salle,31,10,0.4,-3.61,1.29,2091,2243,1240,719,1798,259,783,0.331,394,512,0.77,328,1060,391,230,98,435,630,,,,,
Savannah State,31,11,0.397,-20.51,-9.04,2360,2694,1245,825,2080,351,1199,0.293,359,531,0.676,383,1188,462,234,96,478,564,,,,,
Morgan State,30,9,0.395,-15.98,-10.7,2161,2304,1210,758,1920,168,521,0.322,477,669,0.713,397,1078,362,230,48,401,614,,,,,
Wake Forest,31,11,0.394,1.21,8.47,2119,2344,1250,714,1812,197,640,0.308,494,681,0.725,399,1174,329,150,77,417,555,,,,,
Notre Dame,33,14,0.393,7.97,8.28,2266,2276,1320,776,1973,272,863,0.315,442,594,0.744,370,1208,423,179,148,306,455,,,,,
Maryland-Eastern Shore,32,7,0.391,-24.21,-7.91,1833,2291,1285,666,1705,172,610,0.282,329,489,0.673,264,989,361,186,70,431,575,,,,,
North Alabama,32,10,0.389,-11,-1.69,2145,2358,1285,744,1914,240,805,0.298,417,619,0.674,351,1170,334,209,74,435,614,,,,,
Coppin State,33,8,0.389,-18.9,-7.11,2118,2507,1330,710,1827,240,841,0.285,458,689,0.665,314,1218,326,169,115,555,620,,,,,
Wagner,30,13,0.386,-12.99,-7.63,1974,2044,1205,655,1696,236,773,0.305,428,575,0.744,378,1095,351,184,108,414,639,,,,,
Kennesaw State,32,6,0.381,-16.17,-1.04,2030,2455,1285,742,1945,136,438,0.311,410,590,0.695,372,1163,362,185,106,437,525,,,,,
Mississippi Valley State,32,6,0.38,-22.47,-6.99,2058,2498,1285,730,1923,172,554,0.31,426,647,0.658,378,1165,361,176,70,415,570,,,,,
New Hampshire,29,5,0.376,-18.66,-6.03,1742,1990,1160,623,1656,261,787,0.332,235,385,0.61,260,986,325,116,53,356,533,,,,,
Delaware State,31,6,0.354,-26.82,-10.13,1956,2371,1240,695,1963,234,789,0.297,332,489,0.679,378,1144,333,214,66,435,589,,,,,